{"train_loss_epoch": 0.21044544875621796, "epoch": 64, "trainer/global_step": 324, "_timestamp": 1680694990.867479, "_runtime": 102.56919407844543, "_step": 76, "train_loss_step": 0.2684590518474579, "val_loss": 0.451474666595459}