{"train_loss_epoch": 0.39043205976486206, "epoch": 18, "trainer/global_step": 94, "_timestamp": 1680695144.608935, "_runtime": 35.833938121795654, "_step": 20, "train_loss_step": 0.5253514647483826, "val_loss": 0.8941131234169006}