{"train_loss_epoch": 0.09977037459611893, "epoch": 4158, "trainer/global_step": 20794, "_timestamp": 1679168693.5425925, "_runtime": 23602.195376634598, "_step": 16988, "train_loss_step": 0.11471457779407501, "val_loss": 0.09420841187238693}