{"train_loss_epoch": 0.0981433317065239, "epoch": 3513, "trainer/global_step": 17569, "_timestamp": 1678891053.3901217, "_runtime": 4455.8324337005615, "_step": 4215, "train_loss_step": 0.10649318993091583, "val_loss": 0.13749918341636658}