{"train_loss_epoch": 0.3646083474159241, "epoch": 201, "trainer/global_step": 1009, "_timestamp": 1679631648.0929966, "_runtime": 373.80164670944214, "_step": 241, "train_loss_step": 0.2696790397167206, "val_loss": 0.21457339823246002}