{"train_loss_epoch": 0.3725578188896179, "epoch": 2609, "trainer/global_step": 13049, "_timestamp": 1679465699.4286728, "_runtime": 3620.614458799362, "_step": 3130, "train_loss_step": 0.36718937387114503, "val_loss": 0.36386606097221375}