{"train_loss_epoch": 0.09447868168354034, "epoch": 2694, "trainer/global_step": 13474, "_timestamp": 1679143131.6515326, "_runtime": 3543.6062636375427, "_step": 3232, "train_loss_step": 0.06393373757600784, "val_loss": 0.17259064316749573}