{"train_loss_epoch": 0.24259020388126373, "epoch": 39, "trainer/global_step": 199, "_timestamp": 1680682195.9123962, "_runtime": 111.06032609939575, "_step": 47, "train_loss_step": 0.22243742644786835, "val_loss": 0.35535669326782227}