{"train_loss_epoch": 0.1439434438943863, "epoch": 876, "trainer/global_step": 4384, "_timestamp": 1679486467.534615, "_runtime": 1101.4715189933777, "_step": 1050, "train_loss_step": 0.12506499886512756, "val_loss": 0.19430293142795563}