{"train_loss_epoch": 0.12274858355522156, "epoch": 1919, "trainer/global_step": 9599, "_timestamp": 1679358986.551876, "_runtime": 32553.992963075638, "_step": 26303, "train_loss_step": 0.0679134950041771, "val_loss": 0.10244928300380707}