{"train_loss_epoch": 0.34855765104293823, "epoch": 30, "trainer/global_step": 154, "_timestamp": 1679393809.9749396, "_runtime": 39.10859966278076, "_step": 36, "train_loss_step": 0.2500321567058563, "val_loss": 0.6781865358352661}