{"train_loss_epoch": 0.40701690316200256, "epoch": 22, "trainer/global_step": 114, "_timestamp": 1680614040.5643203, "_runtime": 55.729636430740356, "_step": 26, "train_loss_step": 0.5198834538459778, "val_loss": NaN}