{"train_loss_epoch": 0.26047611236572266, "epoch": 120, "trainer/global_step": 604, "_timestamp": 1679576806.407628, "_runtime": 146.8558521270752, "_step": 144, "train_loss_step": 0.3122484087944031, "val_loss": 0.2966982424259186}