{"train_loss_epoch": 0.35430994629859924, "epoch": 44, "trainer/global_step": 224, "_timestamp": 1679317945.2444015, "_runtime": 104.30541944503784, "_step": 52, "train_loss_step": 0.276449978351593, "val_loss": 0.4797896444797516}