{"train_loss_epoch": 0.1077318787574768, "epoch": 223, "trainer/global_step": 1119, "_timestamp": 1680584319.7008219, "_runtime": 315.52328276634216, "_step": 267, "train_loss_step": 0.194931298494339, "val_loss": 0.16086424887180328}