{"train_loss_epoch": 0.38863545656204224, "epoch": 17, "trainer/global_step": 89, "_timestamp": 1679474963.4389143, "_runtime": 147.52358531951904, "_step": 19, "train_loss_step": 0.5175833106040955, "val_loss": 0.5106912851333618}