{"train_loss_epoch": 0.1410869061946869, "epoch": 818, "trainer/global_step": 4094, "_timestamp": 1679547439.870544, "_runtime": 12673.530390024185, "_step": 12980, "train_loss_step": 0.153187558054924, "val_loss": 0.10320496559143066}