{"train_loss_epoch": 0.12845183908939362, "epoch": 903, "trainer/global_step": 4519, "_timestamp": 1679556966.8863595, "_runtime": 1366.3604454994202, "_step": 1083, "train_loss_step": 0.09380058199167252, "val_loss": 0.37217622995376587}