{"train_loss_epoch": 0.2550826072692871, "epoch": 35, "trainer/global_step": 179, "_timestamp": 1679298272.125225, "_runtime": 112.15562915802002, "_step": 41, "train_loss_step": 0.21665111184120178, "val_loss": 0.6862584352493286}