{"train_loss_epoch": 0.20274940133094788, "epoch": 41, "trainer/global_step": 209, "_timestamp": 1680685658.4159641, "_runtime": 149.17392015457153, "_step": 49, "train_loss_step": 0.20214132964611053, "val_loss": 0.4911477863788605}