{"train_loss_epoch": 0.16451357305049896, "epoch": 166, "trainer/global_step": 834, "_timestamp": 1680312931.2944126, "_runtime": 203.38652658462524, "_step": 198, "train_loss_step": 0.10444094985723495, "val_loss": 0.15135717391967773}