{"train_loss_epoch": 0.0689580887556076, "epoch": 1899, "trainer/global_step": 9499, "_timestamp": 1680440120.733769, "_runtime": 3569.1303470134735, "_step": 2279, "train_loss_step": 0.07410615682601929, "val_loss": 0.10552607476711273}