{"train_loss_epoch": 0.07947936654090881, "epoch": 1625, "trainer/global_step": 8129, "_timestamp": 1680571517.2358506, "_runtime": 1966.8691205978394, "_step": 1949, "train_loss_step": 0.08898728340864182, "val_loss": 0.09073779731988907}