{"train_loss_epoch": 0.21248272061347961, "epoch": 39, "trainer/global_step": 199, "_timestamp": 1680877075.8561966, "_runtime": 86.12155365943909, "_step": 46, "train_loss_step": 0.17340147495269775, "val_loss": 0.34637683629989624}