{"train_loss_epoch": 0.2673057019710541, "epoch": 21, "trainer/global_step": 109, "_timestamp": 1680682858.270538, "_runtime": 61.259236097335815, "_step": 25, "train_loss_step": 0.26255127787590027, "val_loss": 0.7964606285095215}