{"train_loss_epoch": 0.05857212096452713, "epoch": 4437, "trainer/global_step": 22189, "_timestamp": 1678768862.343528, "_runtime": 12898.637264966965, "_step": 5323, "train_loss_step": 0.09046950936317444, "val_loss": 0.1115630716085434}