{"train_loss_epoch": 0.23340308666229248, "epoch": 143, "trainer/global_step": 719, "_timestamp": 1679576563.718937, "_runtime": 539.9251039028168, "_step": 171, "train_loss_step": 0.1611732542514801, "val_loss": 0.26356491446495056}