{"train_loss_epoch": 0.2887338697910309, "epoch": 26, "trainer/global_step": 134, "_timestamp": 1680683484.5587687, "_runtime": 65.03490686416626, "_step": 30, "train_loss_step": 0.28817519545555115, "val_loss": 1.7630860805511475}