{"train_loss_epoch": 0.11447081714868546, "epoch": 474, "trainer/global_step": 2374, "_timestamp": 1680484513.7145698, "_runtime": 560.0905518531799, "_step": 568, "train_loss_step": 0.07579644024372101, "val_loss": 0.13720865547657013}