{"train_loss_epoch": 0.044436950236558914, "epoch": 8921, "trainer/global_step": 44609, "_timestamp": 1680582434.4625533, "_runtime": 10652.677904367447, "_step": 10705, "train_loss_step": 0.06889630109071732, "val_loss": 0.056993331760168076}