{"train_loss_epoch": 0.09902860969305038, "epoch": 7312, "trainer/global_step": 36564, "_timestamp": 1679309748.92545, "_runtime": 7055.398943185806, "_step": 8774, "train_loss_step": 0.0945064052939415, "val_loss": 0.13615413010120392}