{"train_loss_epoch": 0.08045803755521774, "epoch": 6392, "trainer/global_step": 31964, "_timestamp": 1679372660.929808, "_runtime": 12556.31079697609, "_step": 7670, "train_loss_step": 0.09211397171020508, "val_loss": 0.1366279572248459}