{"train_loss_epoch": 0.1650138646364212, "epoch": 377, "trainer/global_step": 1889, "_timestamp": 1679569978.375957, "_runtime": 430.26116394996643, "_step": 451, "train_loss_step": 0.14727452397346497, "val_loss": 0.2146366983652115}