{"train_loss_epoch": 0.2043115198612213, "epoch": 46, "trainer/global_step": 234, "_timestamp": 1680852738.6956003, "_runtime": 146.7533302307129, "_step": 54, "train_loss_step": 0.1969914436340332, "val_loss": 0.39281126856803894}