{"train_loss_epoch": 0.4724375605583191, "epoch": 19, "trainer/global_step": 99, "_timestamp": 1679379397.2506166, "_runtime": 30.26720666885376, "_step": 22, "train_loss_step": 0.28680190443992615, "val_loss": 0.6445642709732056}