{"train_loss_epoch": 0.04371809586882591, "epoch": 9999, "trainer/global_step": 49999, "_timestamp": 1678813837.6043708, "_runtime": 20913.771090745926, "_step": 11999, "train_loss_step": 0.049695633351802826, "val_loss": 0.10243505984544754, "_wandb": {"runtime": 20913}}