{"train_loss_epoch": 0.14450106024742126, "epoch": 457, "trainer/global_step": 2289, "_timestamp": 1679638573.5228589, "_runtime": 544.5446877479553, "_step": 547, "train_loss_step": 0.1604510396718979, "val_loss": 0.10357654094696045}