{"train_loss_epoch": 0.056360963732004166, "epoch": 2857, "trainer/global_step": 14289, "_timestamp": 1680875743.386357, "_runtime": 5095.083456039429, "_step": 3427, "train_loss_step": 0.04061102494597435, "val_loss": 0.07078038156032562}