{"train_loss_epoch": 0.6935795545578003, "epoch": 1, "trainer/global_step": 9, "_timestamp": 1684654457.261185, "_runtime": 22.790019035339355, "_step": 1}