{"train_loss_epoch": 0.2871544063091278, "epoch": 32, "trainer/global_step": 164, "_timestamp": 1680681140.1456616, "_runtime": 83.45446562767029, "_step": 38, "train_loss_step": 0.19835995137691498, "val_loss": 0.4729805588722229}