{"train_loss_epoch": 0.371151328086853, "epoch": 23, "trainer/global_step": 119, "_timestamp": 1680604669.2372308, "_runtime": 61.212562799453735, "_step": 27, "train_loss_step": 0.34290337562561035, "val_loss": 0.42538565397262573}