{"train_loss_epoch": 0.22643627226352692, "epoch": 37, "trainer/global_step": 189, "_timestamp": 1680876835.0486193, "_runtime": 91.56049919128418, "_step": 43, "train_loss_step": 0.17086219787597656, "val_loss": 0.34637683629989624}