{"train_loss_epoch": 0.10937757790088654, "epoch": 375, "trainer/global_step": 1879, "_timestamp": 1680591343.1186824, "_runtime": 675.1355652809143, "_step": 449, "train_loss_step": 0.08755467087030411, "val_loss": 0.11778896301984787}