{"train_loss_epoch": 0.14663296937942505, "epoch": 246, "trainer/global_step": 1234, "_timestamp": 1680486366.18325, "_runtime": 299.9928078651428, "_step": 294, "train_loss_step": 0.16409647464752197, "val_loss": 0.15746553242206573}