{"train_loss_epoch": 0.10660108923912048, "epoch": 645, "trainer/global_step": 3229, "_timestamp": 1680483940.7043831, "_runtime": 758.5983312129974, "_step": 773, "train_loss_step": 0.10470564663410187, "val_loss": 0.12740886211395264}