{"train_loss_epoch": 0.47657790780067444, "epoch": 39, "trainer/global_step": 199, "_timestamp": 1684654788.5264452, "_runtime": 337.2045421600342, "_step": 45, "train_loss_step": 0.4878941476345062, "val_loss": 0.5282350182533264}