{"train_loss_epoch": 0.05836937576532364, "epoch": 4348, "trainer/global_step": 21744, "_timestamp": 1680692874.4588833, "_runtime": 5563.04647231102, "_step": 5216, "train_loss_step": 0.07151804864406586, "val_loss": 0.06860022991895676}