{"train_loss_epoch": 0.4826265275478363, "epoch": 169, "trainer/global_step": 849, "_timestamp": 1684656817.0380464, "_runtime": 1349.023576259613, "_step": 203, "train_loss_step": 0.487985759973526, "val_loss": 0.5282350182533264}