{"train_loss_epoch": 0.17000171542167664, "epoch": 465, "trainer/global_step": 2329, "_timestamp": 1679570649.8567402, "_runtime": 565.8180551528931, "_step": 557, "train_loss_step": 0.20970554649829865, "val_loss": 0.2731853723526001}