{"train_loss_epoch": 0.41287747025489807, "epoch": 16, "trainer/global_step": 84, "_timestamp": 1679326073.9480817, "_runtime": 48.54381275177002, "_step": 18, "train_loss_step": 0.5531174540519714, "val_loss": 0.5747400522232056}