{"train_loss_epoch": 0.15210500359535217, "epoch": 129, "trainer/global_step": 649, "_timestamp": 1680855165.1503081, "_runtime": 246.33477306365967, "_step": 155, "train_loss_step": 0.10579919815063477, "val_loss": 0.24015536904335022}