{"train_loss_epoch": 0.3140698969364166, "epoch": 33, "trainer/global_step": 169, "_timestamp": 1680680873.6587555, "_runtime": 94.39695453643799, "_step": 39, "train_loss_step": 0.2628822922706604, "val_loss": 0.38855546712875366}