{"train_loss_epoch": 0.04653504863381386, "epoch": 8901, "trainer/global_step": 44509, "_timestamp": 1680604111.5709927, "_runtime": 9767.830743789673, "_step": 10681, "train_loss_step": 0.03504534438252449, "val_loss": 0.07037308067083359}