{"train_loss_epoch": 0.24434062838554382, "epoch": 68, "trainer/global_step": 344, "_timestamp": 1680687236.112131, "_runtime": 96.22005820274353, "_step": 80, "train_loss_step": 0.27474141120910645, "val_loss": 0.3232181668281555}