{"train_loss_epoch": 0.05584238842129707, "epoch": 8914, "trainer/global_step": 44574, "_timestamp": 1680771301.4593291, "_runtime": 59572.31705117226, "_step": 58696, "train_loss_step": 0.05327245220541954, "val_loss": 0.06381756067276001}