{"train_loss_epoch": 0.1199258416891098, "epoch": 432, "trainer/global_step": 2164, "_timestamp": 1680436434.086424, "_runtime": 34654.99389910698, "_step": 36518, "train_loss_step": 0.18907026946544647, "val_loss": 0.11908210813999176}