{"train_loss_epoch": 0.3200176954269409, "epoch": 54, "trainer/global_step": 274, "_timestamp": 1679555581.5350842, "_runtime": 172.80495834350586, "_step": 64, "train_loss_step": 0.4513425827026367, "val_loss": 0.40325236320495605}