{"train_loss_epoch": 0.23806390166282654, "epoch": 89, "trainer/global_step": 449, "_timestamp": 1679296257.5712016, "_runtime": 185.3644895553589, "_step": 107, "train_loss_step": 0.2528725564479828, "val_loss": 0.30522850155830383}