{"train_loss_epoch": 0.23197761178016663, "epoch": 44, "trainer/global_step": 224, "_timestamp": 1680882239.774422, "_runtime": 135.855162858963, "_step": 52, "train_loss_step": 0.21863923966884613, "val_loss": 0.32352548837661743}