{"train_loss_epoch": 0.10145732760429382, "epoch": 616, "trainer/global_step": 3084, "_timestamp": 1680254418.3902621, "_runtime": 1421.5785431861877, "_step": 738, "train_loss_step": 0.11108759790658951, "val_loss": 0.07586659491062164}