{"train_loss_epoch": 0.12964977324008942, "epoch": 568, "trainer/global_step": 2844, "_timestamp": 1680778566.3563886, "_runtime": 1020.4084994792938, "_step": 680, "train_loss_step": 0.06919153034687042, "val_loss": 0.07397583872079849}