{"train_loss_epoch": 0.31695735454559326, "epoch": 24, "trainer/global_step": 124, "_timestamp": 1680680951.02589, "_runtime": 60.82951521873474, "_step": 28, "train_loss_step": 0.346026748418808, "val_loss": 0.48010846972465515}