{"train_loss_epoch": 0.06289056688547134, "epoch": 2531, "trainer/global_step": 12659, "_timestamp": 1680483123.7938395, "_runtime": 2921.58020734787, "_step": 3037, "train_loss_step": 0.06233059987425804, "val_loss": 0.09787888824939728}