{"train_loss_epoch": 0.12919624149799347, "epoch": 2534, "trainer/global_step": 12674, "_timestamp": 1679553744.123499, "_runtime": 3594.1126959323883, "_step": 3040, "train_loss_step": 0.12780408561229706, "val_loss": 0.22658321261405945}