{"train_loss_epoch": 0.4942292869091034, "epoch": 183, "trainer/global_step": 919, "_timestamp": 1684654379.372625, "_runtime": 1452.5658440589905, "_step": 219, "train_loss_step": 0.6111060380935669, "val_loss": 0.5282349586486816}