{"train_loss_epoch": 0.5243677496910095, "epoch": 487, "trainer/global_step": 2439, "_timestamp": 1679137102.5414438, "_runtime": 247.88251781463623, "_step": 583, "train_loss_step": 0.7198595404624939, "val_loss": 0.5531458258628845}