{"train_loss_epoch": -0.019007813185453415, "epoch": 43, "trainer/global_step": 219, "_timestamp": 1679137224.2137425, "_runtime": 36.86627745628357, "_step": 51, "train_loss_step": -0.14136718213558197, "val_loss": -2796.23486328125}