{"train_loss_epoch": 0.2585779130458832, "epoch": 43, "trainer/global_step": 219, "_timestamp": 1680571649.5831401, "_runtime": 58.08005404472351, "_step": 51, "train_loss_step": 0.2193688154220581, "val_loss": 0.393395334482193}