{"train_loss_epoch": 0.06695664674043655, "epoch": 4063, "trainer/global_step": 20319, "_timestamp": 1678777101.8920267, "_runtime": 7081.579425573349, "_step": 4875, "train_loss_step": 0.051678337156772614, "val_loss": 0.1284966915845871}