{"train_loss_epoch": 0.19456960260868073, "epoch": 210, "trainer/global_step": 1054, "_timestamp": 1680791707.5652783, "_runtime": 271.7892572879791, "_step": 252, "train_loss_step": 0.1678643673658371, "val_loss": 0.1852796971797943}