{"train_loss_epoch": 0.1761762946844101, "epoch": 170, "trainer/global_step": 854, "_timestamp": 1679302428.7470183, "_runtime": 277.37226033210754, "_step": 204, "train_loss_step": 0.13353011012077332, "val_loss": 0.28997141122817993}