{"train_loss_epoch": 0.16315093636512756, "epoch": 1039, "trainer/global_step": 5199, "_timestamp": 1680621756.9943845, "_runtime": 1490.598626613617, "_step": 1246, "train_loss_step": 0.17825843393802643, "val_loss": 0.1204943135380745}