{"train_loss_epoch": 0.2233171910047531, "epoch": 70, "trainer/global_step": 354, "_timestamp": 1680880467.8363943, "_runtime": 145.04698419570923, "_step": 84, "train_loss_step": 0.2780376374721527, "val_loss": 0.2453916370868683}