{"train_loss_epoch": 0.058278292417526245, "epoch": 4420, "trainer/global_step": 22104, "_timestamp": 1680620246.844115, "_runtime": 6189.319504022598, "_step": 5304, "train_loss_step": 0.037005748599767685, "val_loss": 0.07541970163583755}