{"train_loss_epoch": 0.0489870086312294, "epoch": 9999, "trainer/global_step": 49999, "_timestamp": 1680012037.1030827, "_runtime": 11169.374569654465, "_step": 11999, "train_loss_step": 0.04767284169793129, "val_loss": 0.04793849214911461, "_wandb": {"runtime": 11173}}