{"train_loss_epoch": 0.5166583061218262, "epoch": 10, "trainer/global_step": 54, "_timestamp": 1679377027.4406412, "_runtime": 33.20810508728027, "_step": 12, "train_loss_step": 0.6482532620429993, "val_loss": 0.6445642709732056}