{"train_loss_epoch": 0.12264228612184525, "epoch": 247, "trainer/global_step": 1239, "_timestamp": 1680856597.1754808, "_runtime": 495.84461092948914, "_step": 295, "train_loss_step": 0.1649131029844284, "val_loss": 0.18266071379184723}