{"train_loss_epoch": 0.32792362570762634, "epoch": 21, "trainer/global_step": 109, "_timestamp": 1680882711.266058, "_runtime": 58.09529900550842, "_step": 25, "train_loss_step": 0.20913968980312347, "val_loss": 0.3264543116092682}