{"train_loss_epoch": 0.3282676637172699, "epoch": 39, "trainer/global_step": 199, "_timestamp": 1679123192.0262833, "_runtime": 139.7451832294464, "_step": 47, "train_loss_step": 0.24559326469898224, "val_loss": 0.433459997177124}