{"train_loss_epoch": 0.2538534700870514, "epoch": 40, "trainer/global_step": 204, "_timestamp": 1680582373.002495, "_runtime": 90.2174870967865, "_step": 48, "train_loss_step": 0.22455202043056488, "val_loss": 0.3612784743309021}