{"train_loss_epoch": 0.2866206169128418, "epoch": 75, "trainer/global_step": 379, "_timestamp": 1679318133.239333, "_runtime": 169.3477828502655, "_step": 89, "train_loss_step": 0.3115581274032593, "val_loss": 0.4304161071777344}