{"train_loss_epoch": 0.18832717835903168, "epoch": 156, "trainer/global_step": 784, "_timestamp": 1680485516.6609678, "_runtime": 187.1772289276123, "_step": 186, "train_loss_step": 0.23920145630836487, "val_loss": 0.1945458948612213}