{"train_loss_epoch": 0.27124515175819397, "epoch": 33, "trainer/global_step": 169, "_timestamp": 1680791874.2398963, "_runtime": 60.15748429298401, "_step": 39, "train_loss_step": 0.15365487337112427, "val_loss": 0.31827831268310547}