{"train_loss_epoch": 0.4415339529514313, "epoch": 93, "trainer/global_step": 469, "_timestamp": 1679569531.5083964, "_runtime": 124.62368035316467, "_step": 111, "train_loss_step": 0.48691603541374207, "val_loss": 0.49901846051216125}