{"train_loss_epoch": 0.23691993951797485, "epoch": 227, "trainer/global_step": 1139, "_timestamp": 1679475876.5094876, "_runtime": 896.6213345527649, "_step": 271, "train_loss_step": 0.37167635560035706, "val_loss": 0.25183266401290894}