{"train_loss_epoch": 0.0826219767332077, "epoch": 503, "trainer/global_step": 2519, "_timestamp": 1680694033.0162933, "_runtime": 677.4265933036804, "_step": 603, "train_loss_step": 0.09782305359840393, "val_loss": 0.11697567999362946}