{"train_loss_epoch": 0.24229328334331512, "epoch": 56, "trainer/global_step": 284, "_timestamp": 1680450277.5294445, "_runtime": 73.9536144733429, "_step": 66, "train_loss_step": 0.25986194610595703, "val_loss": 0.2846353352069855}