{"train_loss_epoch": 0.14439529180526733, "epoch": 264, "trainer/global_step": 1324, "_timestamp": 1680253008.8835762, "_runtime": 647.6473522186279, "_step": 316, "train_loss_step": 0.26647064089775085, "val_loss": 0.11299867182970047}