{"train_loss_epoch": 0.050561122596263885, "epoch": 8370, "trainer/global_step": 41854, "_timestamp": 1680450039.6791608, "_runtime": 9462.614037752151, "_step": 10044, "train_loss_step": 0.03562557324767113, "val_loss": 0.07715881615877151}