{"train_loss_epoch": 0.12030726671218872, "epoch": 2923, "trainer/global_step": 14619, "_timestamp": 1679471377.7164114, "_runtime": 5180.6321494579315, "_step": 3507, "train_loss_step": 0.0626264438033104, "val_loss": 0.16766615211963654}