{"train_loss_epoch": 0.07246610522270203, "epoch": 5005, "trainer/global_step": 25029, "_timestamp": 1680590541.3991857, "_runtime": 6205.02201962471, "_step": 6005, "train_loss_step": 0.07433964312076569, "val_loss": 0.07061507552862167}