{"train_loss_epoch": 0.189412459731102, "epoch": 221, "trainer/global_step": 1109, "_timestamp": 1683295941.1278956, "_runtime": 708.7879436016083, "_step": 265, "train_loss_step": 0.19054776430130005, "val_loss": 0.2348325550556183}