{"train_loss_epoch": 0.41524386405944824, "epoch": 27, "trainer/global_step": 139, "_timestamp": 1680592284.7405398, "_runtime": 45.12836790084839, "_step": 31, "train_loss_step": 0.4100852906703949, "val_loss": 0.4434334337711334}