{"train_loss_epoch": 0.3455684781074524, "epoch": 86, "trainer/global_step": 434, "_timestamp": 1679637986.7534115, "_runtime": 116.63007044792175, "_step": 102, "train_loss_step": 0.4558509290218353, "val_loss": 0.21309910714626312}