{"train_loss_epoch": 0.10716649889945984, "epoch": 2738, "trainer/global_step": 13694, "_timestamp": 1679562737.961425, "_runtime": 5321.862347126007, "_step": 3284, "train_loss_step": 0.07534090429544449, "val_loss": 0.17900656163692474}