{"train_loss_epoch": 0.3743753135204315, "epoch": 27, "trainer/global_step": 139, "_timestamp": 1679301990.6358323, "_runtime": 85.43395328521729, "_step": 31, "train_loss_step": 0.27529874444007874, "val_loss": 0.5129753351211548}