{"train_loss_epoch": 0.6947259306907654, "epoch": 0, "trainer/global_step": 4, "_timestamp": 1684651196.5822809, "_runtime": 15.7188138961792, "_step": 0, "_wandb": {"runtime": 13}}