{"train_loss_epoch": 0.2044043093919754, "epoch": 149, "trainer/global_step": 749, "_timestamp": 1680876043.3348756, "_runtime": 229.28772950172424, "_step": 179, "train_loss_step": 0.21834151446819305, "val_loss": 0.19307038187980652}