{"train_loss_epoch": 0.18073345720767975, "epoch": 134, "trainer/global_step": 674, "_timestamp": 1680605226.3777397, "_runtime": 185.12655377388, "_step": 160, "train_loss_step": 0.11831188201904297, "val_loss": 0.1861753612756729}