{"train_loss_epoch": 0.612755537033081, "epoch": 9, "trainer/global_step": 49, "_timestamp": 1679396481.2623158, "_runtime": 21.138741731643677, "_step": 10, "train_loss_step": 0.6739117051011136}