{"train_loss_epoch": 0.05335954576730728, "epoch": 8393, "trainer/global_step": 41969, "_timestamp": 1680870472.5821626, "_runtime": 12841.062764644623, "_step": 10071, "train_loss_step": 0.06058190390467644, "val_loss": 0.06481295824050903}