{"train_loss_epoch": 0.2349851280450821, "epoch": 46, "trainer/global_step": 234, "_timestamp": 1680870627.6354518, "_runtime": 94.66929888725281, "_step": 54, "train_loss_step": 0.17347989976406097, "val_loss": 0.4832645058631897}