{"train_loss_epoch": 0.29307854175567627, "epoch": 31, "trainer/global_step": 159, "_timestamp": 1680680730.0609941, "_runtime": 81.03958415985107, "_step": 37, "train_loss_step": 0.2628822922706604, "val_loss": 0.38855546712875366}