{"train_loss_epoch": 0.11062870919704437, "epoch": 1171, "trainer/global_step": 5859, "_timestamp": 1679578243.2624156, "_runtime": 1365.1745555400848, "_step": 1405, "train_loss_step": 0.15541838109493256, "val_loss": 0.3529040217399597}