{"train_loss_epoch": 0.5199506282806396, "epoch": 141, "trainer/global_step": 709, "_timestamp": 1679136812.5146215, "_runtime": 484.62402057647705, "_step": 169, "train_loss_step": 0.4326450824737549, "val_loss": 0.5477710366249084}