{"train_loss_epoch": 0.22371067106723785, "epoch": 53, "trainer/global_step": 269, "_timestamp": 1680450361.566382, "_runtime": 69.74280285835266, "_step": 63, "train_loss_step": 0.22295399010181427, "val_loss": 0.2423141896724701}