{"train_loss_epoch": 0.06759531795978546, "epoch": 5913, "trainer/global_step": 29569, "_timestamp": 1680479645.6916003, "_runtime": 29249.84705543518, "_step": 31095, "train_loss_step": 0.05589169263839722, "val_loss": 0.07130284607410431}