{"train_loss_epoch": 0.12830205261707306, "epoch": 1251, "trainer/global_step": 6259, "_timestamp": 1679145070.8041863, "_runtime": 1617.9488394260406, "_step": 1501, "train_loss_step": 0.19655278325080872, "val_loss": 0.23488304018974304}