{"train_loss_epoch": 0.08856682479381561, "epoch": 4743, "trainer/global_step": 23719, "_timestamp": 1679645091.6124856, "_runtime": 6193.534342765808, "_step": 5691, "train_loss_step": 0.07467230409383774, "val_loss": 0.08012186735868454}