{"train_loss_epoch": 0.05354639142751694, "epoch": 4701, "trainer/global_step": 23509, "_timestamp": 1680264557.32925, "_runtime": 10112.454171180725, "_step": 5641, "train_loss_step": 0.05850204452872276, "val_loss": 0.055441804230213165}