{"train_loss_epoch": 0.13424070179462433, "epoch": 259, "trainer/global_step": 1299, "_timestamp": 1680791279.6042056, "_runtime": 12696.098293542862, "_step": 12311, "train_loss_step": 0.2352864295244217, "val_loss": 0.10548970848321915}