{"train_loss_epoch": 0.24537330865859985, "epoch": 176, "trainer/global_step": 884, "_timestamp": 1679550115.0091083, "_runtime": 266.5450003147125, "_step": 210, "train_loss_step": 0.18918214738368988, "val_loss": 0.35122793912887573}