{"train_loss_epoch": 0.2003907412290573, "epoch": 50, "trainer/global_step": 254, "_timestamp": 1680683358.05714, "_runtime": 121.17242121696472, "_step": 60, "train_loss_step": 0.3093273341655731, "val_loss": 0.24794922769069672}