{"train_loss_epoch": 0.35278359055519104, "epoch": 18, "trainer/global_step": 94, "_timestamp": 1680683220.5857008, "_runtime": 51.512141704559326, "_step": 20, "train_loss_step": 0.4291122555732727, "val_loss": 0.49249836802482605}