{"train_loss_epoch": 0.24673232436180115, "epoch": 35, "trainer/global_step": 179, "_timestamp": 1680854639.5690932, "_runtime": 71.47766518592834, "_step": 41, "train_loss_step": 0.20118656754493713, "val_loss": 0.4640914499759674}