{"train_loss_epoch": 0.38883376121520996, "epoch": 27, "trainer/global_step": 139, "_timestamp": 1678891133.3078218, "_runtime": 42.93751072883606, "_step": 31, "train_loss_step": 0.32643207907676697, "val_loss": 0.43027910590171814}