{"train_loss_epoch": 0.19307205080986023, "epoch": 50, "trainer/global_step": 254, "_timestamp": 1680685480.3249109, "_runtime": 121.68894386291504, "_step": 60, "train_loss_step": 0.3180904984474182, "val_loss": 0.20643743872642517}