{"train_loss_epoch": 0.09891403466463089, "epoch": 6121, "trainer/global_step": 30609, "_timestamp": 1678792226.6523952, "_runtime": 12382.302585363388, "_step": 7345, "train_loss_step": 0.07932214438915253, "val_loss": 0.1473558396100998}