{"train_loss_epoch": 0.07390686124563217, "epoch": 8584, "trainer/global_step": 42924, "_timestamp": 1681243197.9540508, "_runtime": 68079.70686888695, "_step": 46300, "train_loss_step": 0.04604972153902054, "val_loss": 0.09644007682800293}