{"train_loss_epoch": 0.3406449556350708, "epoch": 23, "trainer/global_step": 119, "_timestamp": 1680682068.9262838, "_runtime": 70.51800775527954, "_step": 27, "train_loss_step": 0.2628098130226135, "val_loss": 0.5540973544120789}