{"train_loss_epoch": 0.3099995255470276, "epoch": 45, "trainer/global_step": 229, "_timestamp": 1680778555.895126, "_runtime": 115.87411117553711, "_step": 53, "train_loss_step": 0.3046127259731293, "val_loss": 0.2460634708404541}