{"train_loss_epoch": 0.0829208567738533, "epoch": 1007, "trainer/global_step": 5039, "_timestamp": 1680879922.8189929, "_runtime": 1819.955395936966, "_step": 1207, "train_loss_step": 0.07338692992925644, "val_loss": 0.1460908204317093}