{"train_loss_epoch": 0.13844209909439087, "epoch": 956, "trainer/global_step": 4784, "_timestamp": 1679296050.824249, "_runtime": 1870.3382151126862, "_step": 1146, "train_loss_step": 0.22179360687732697, "val_loss": 0.19546492397785187}