{"train_loss_step": -0.084442138671875, "epoch": 4, "trainer/global_step": 249, "_timestamp": 1679136031.5692906, "_runtime": 16.761033535003662, "_step": 9, "train_loss_epoch": -0.21452905237674713}