{"train_loss_epoch": 0.04825041443109512, "epoch": 8618, "trainer/global_step": 43094, "_timestamp": 1680849547.0019786, "_runtime": 23360.320259571075, "_step": 22340, "train_loss_step": 0.05816884711384773, "val_loss": 0.04627937823534012}