{"train_loss_epoch": 0.11991925537586212, "epoch": 604, "trainer/global_step": 3024, "_timestamp": 1680594133.3869138, "_runtime": 700.5540037155151, "_step": 724, "train_loss_step": 0.22665701806545258, "val_loss": 0.1640973538160324}