{"train_loss_epoch": 0.3544575572013855, "epoch": 9, "trainer/global_step": 49, "_timestamp": 1679019653.1619122, "_runtime": 207.14300513267517, "_step": 131, "train_loss_step": 0.3147132396697998, "val_loss": 2.246051549911499}