{"train_loss_epoch": 0.5319861769676208, "epoch": 13, "trainer/global_step": 69, "_timestamp": 1679378880.5308478, "_runtime": 23.394203901290894, "_step": 15, "train_loss_step": 0.6482532620429993, "val_loss": 0.6445642709732056}