{"train_loss_epoch": 0.051120709627866745, "epoch": 8899, "trainer/global_step": 44499, "_timestamp": 1678865782.240629, "_runtime": 10876.624925851822, "_step": 10678, "train_loss_step": 0.034927576780319214, "val_loss": 0.10689688473939896}