{"train_loss_epoch": 0.10870256274938583, "epoch": 4036, "trainer/global_step": 20184, "_timestamp": 1679484334.2266297, "_runtime": 5178.052951812744, "_step": 4842, "train_loss_step": 0.18514376878738403, "val_loss": 0.1667875498533249}