{"train_loss_epoch": 0.2750358283519745, "epoch": 32, "trainer/global_step": 164, "_timestamp": 1680604838.1025295, "_runtime": 76.94148445129395, "_step": 38, "train_loss_step": 0.1867789328098297, "val_loss": 0.4820574223995209}