{"train_loss_epoch": 0.3172987401485443, "epoch": 42, "trainer/global_step": 214, "_timestamp": 1679299344.8369582, "_runtime": 93.43724513053894, "_step": 50, "train_loss_step": 0.21139149367809296, "val_loss": 0.4641673266887665}