{"train_loss_epoch": 0.44938671588897705, "epoch": 19, "trainer/global_step": 99, "_timestamp": 1679392713.853028, "_runtime": 29.415836095809937, "_step": 22, "train_loss_step": 0.2976174056529999, "val_loss": 0.6459134817123413}