{"train_loss_epoch": 0.32440102100372314, "epoch": 16, "trainer/global_step": 84, "_timestamp": 1683297096.6862433, "_runtime": 59.99672532081604, "_step": 18, "train_loss_step": 0.4690187871456146, "val_loss": NaN}