{"train_loss_epoch": 0.09500783681869507, "epoch": 332, "trainer/global_step": 1664, "_timestamp": 1680583161.3581834, "_runtime": 542.0663044452667, "_step": 398, "train_loss_step": 0.07993384450674057, "val_loss": 0.12483428418636322}