{"train_loss_epoch": 0.07567810267210007, "epoch": 1665, "trainer/global_step": 8329, "_timestamp": 1680607891.1846664, "_runtime": 2648.3572573661804, "_step": 1997, "train_loss_step": 0.06171226128935814, "val_loss": 0.10564491897821426}