{"train_loss_epoch": 0.08898122608661652, "epoch": 3876, "trainer/global_step": 19384, "_timestamp": 1679631231.2294223, "_runtime": 6762.841531276703, "_step": 4650, "train_loss_step": 0.062770314514637, "val_loss": 0.07836834341287613}