{"train_loss_epoch": 0.3638724088668823, "epoch": 17, "trainer/global_step": 89, "_timestamp": 1680681014.859357, "_runtime": 46.86421823501587, "_step": 19, "train_loss_step": 0.5230404734611511, "val_loss": 0.6409879922866821}