{"train_loss_epoch": 0.252775102853775, "epoch": 43, "trainer/global_step": 219, "_timestamp": 1680485600.9395156, "_runtime": 59.4184045791626, "_step": 51, "train_loss_step": 0.2135617733001709, "val_loss": 0.28654220700263977}