{"train_loss_epoch": 0.18492372334003448, "epoch": 470, "trainer/global_step": 2354, "_timestamp": 1679301008.0610113, "_runtime": 926.2965302467346, "_step": 564, "train_loss_step": 0.1168341413140297, "val_loss": 0.25845256447792053}