{"train_loss_step": 0.4399104118347168, "epoch": 35, "trainer/global_step": 1799, "_timestamp": 1679136294.5993485, "_runtime": 144.2534694671631, "_step": 74, "train_loss_epoch": 0.4761708974838257, "val_loss": 0.5391596555709839}