{"train_loss_epoch": 0.09495227783918381, "epoch": 977, "trainer/global_step": 4889, "_timestamp": 1681259899.5800276, "_runtime": 1709.3595044612885, "_step": 1171, "train_loss_step": 0.13885101675987244, "val_loss": 0.1645549237728119}