{"train_loss_epoch": 0.28900468349456787, "epoch": 46, "trainer/global_step": 234, "_timestamp": 1679317267.3701835, "_runtime": 103.77678036689758, "_step": 54, "train_loss_step": 0.23150110244750977, "val_loss": 0.4403371810913086}