{"train_loss_epoch": 0.3203396201133728, "epoch": 26, "trainer/global_step": 134, "_timestamp": 1680592429.457521, "_runtime": 74.28770804405212, "_step": 30, "train_loss_step": 0.34073927998542786, "val_loss": 0.4274853765964508}