{"train_loss_epoch": 0.2518346905708313, "epoch": 48, "trainer/global_step": 244, "_timestamp": 1680856784.693039, "_runtime": 103.58342003822327, "_step": 56, "train_loss_step": 0.19239217042922974, "val_loss": 0.3378302752971649}