{"train_loss_epoch": 0.05951644852757454, "epoch": 4949, "trainer/global_step": 24749, "_timestamp": 1680497207.1484778, "_runtime": 5789.158782720566, "_step": 5938, "train_loss_step": 0.045813869684934616, "val_loss": 0.07741861045360565}