{"train_loss_epoch": 0.26873648166656494, "epoch": 29, "trainer/global_step": 149, "_timestamp": 1680682780.3114185, "_runtime": 83.11106157302856, "_step": 34, "train_loss_step": 0.1710864156484604, "val_loss": 1.3434562683105469}