{"train_loss_epoch": 0.1567694991827011, "epoch": 466, "trainer/global_step": 2334, "_timestamp": 1679571367.897518, "_runtime": 544.8694829940796, "_step": 558, "train_loss_step": 0.21037860214710236, "val_loss": 0.2306012362241745}