{"train_loss_epoch": 0.09058881551027298, "epoch": 499, "trainer/global_step": 2499, "_timestamp": 1680694872.652117, "_runtime": 821.499608039856, "_step": 599, "train_loss_step": 0.08627008646726608, "val_loss": 0.11278761923313141}