{"train_loss_epoch": 0.3111955523490906, "epoch": 49, "trainer/global_step": 249, "_timestamp": 1679318266.7729926, "_runtime": 116.36801767349243, "_step": 58, "train_loss_step": 0.3649076223373413, "val_loss": 0.5442771315574646}