{"train_loss_epoch": 0.17240162193775177, "epoch": 431, "trainer/global_step": 2159, "_timestamp": 1679555373.4017785, "_runtime": 656.4937214851379, "_step": 517, "train_loss_step": 0.1886499524116516, "val_loss": 0.2164861410856247}