{"train_loss_epoch": 0.12468885630369186, "epoch": 370, "trainer/global_step": 1854, "_timestamp": 1680593331.2836633, "_runtime": 446.9349591732025, "_step": 444, "train_loss_step": 0.09222976863384247, "val_loss": 0.13672403991222382}