{"train_loss_epoch": 0.3077857792377472, "epoch": 64, "trainer/global_step": 324, "_timestamp": 1679301173.9578593, "_runtime": 141.21580529212952, "_step": 76, "train_loss_step": 0.4150032103061676, "val_loss": 0.4211914837360382}