{"train_loss_epoch": 0.3786733150482178, "epoch": 339, "trainer/global_step": 1699, "_timestamp": 1679568600.9167035, "_runtime": 444.0618405342102, "_step": 407, "train_loss_step": 0.38207194209098816, "val_loss": 0.4369365870952606}