{"train_loss_epoch": 0.06753234565258026, "epoch": 9999, "trainer/global_step": 49999, "_timestamp": 1680151789.7829146, "_runtime": 12238.581157684326, "_step": 11999, "train_loss_step": 0.09044809639453888, "val_loss": 0.06437482684850693, "_wandb": {"runtime": 12237}}