{"train_loss_epoch": 0.10145667940378189, "epoch": 507, "trainer/global_step": 2539, "_timestamp": 1680584086.70082, "_runtime": 909.2039248943329, "_step": 607, "train_loss_step": 0.08130282163619995, "val_loss": 0.14713212847709656}