{"train_loss_epoch": 0.15833386778831482, "epoch": 219, "trainer/global_step": 1099, "_timestamp": 1680609324.7133064, "_runtime": 266.917352437973, "_step": 263, "train_loss_step": 0.21139860153198242, "val_loss": 0.20753762125968933}