{"train_loss_epoch": 0.10684457421302795, "epoch": 7183, "trainer/global_step": 35919, "_timestamp": 1679135632.335222, "_runtime": 12359.906224012375, "_step": 8619, "train_loss_step": 0.06208743527531624, "val_loss": 0.11035505682229996}