{"train_loss_epoch": 0.09877010434865952, "epoch": 3773, "trainer/global_step": 18869, "_timestamp": 1679316531.9928823, "_runtime": 4650.435348272324, "_step": 4527, "train_loss_step": 0.09789271652698517, "val_loss": 0.1367681324481964}