{"train_loss_epoch": 0.48496440052986145, "epoch": 33, "trainer/global_step": 169, "_timestamp": 1684657649.698522, "_runtime": 271.3273301124573, "_step": 39, "train_loss_step": 0.4707035422325134, "val_loss": 0.5282350182533264}