{"train_loss_epoch": 0.39645400643348694, "epoch": 22, "trainer/global_step": 114, "_timestamp": 1680613965.6083362, "_runtime": 55.69304609298706, "_step": 26, "train_loss_step": 0.49892088770866394, "val_loss": NaN}