{"train_loss_epoch": 0.15763692557811737, "epoch": 113, "trainer/global_step": 569, "_timestamp": 1680711709.1598496, "_runtime": 186.70801258087158, "_step": 135, "train_loss_step": 0.17215019464492798, "val_loss": 0.1881612092256546}