{"train_loss_epoch": 0.06850116699934006, "epoch": 3737, "trainer/global_step": 18689, "_timestamp": 1680613892.5920866, "_runtime": 4549.840373516083, "_step": 4483, "train_loss_step": 0.06955485045909882, "val_loss": 0.09359217435121536}