{"train_loss_epoch": 0.1757630854845047, "epoch": 182, "trainer/global_step": 914, "_timestamp": 1680877425.4901204, "_runtime": 332.01939129829407, "_step": 218, "train_loss_step": 0.24787811934947968, "val_loss": 0.18273523449897766}