{"train_loss_epoch": 0.3573950231075287, "epoch": 6, "trainer/global_step": 34, "_timestamp": 1680590650.858618, "_runtime": 20.9187650680542, "_step": 6}