{"train_loss_epoch": 0.13267993927001953, "epoch": 155, "trainer/global_step": 779, "_timestamp": 1680686817.895429, "_runtime": 366.3924889564514, "_step": 185, "train_loss_step": 0.23740911483764648, "val_loss": 0.17115433514118195}