{"train_loss_epoch": 0.38227081298828125, "epoch": 38, "trainer/global_step": 194, "_timestamp": 1683296978.7273266, "_runtime": 153.00522661209106, "_step": 44, "train_loss_step": 0.22780804336071014, "val_loss": NaN}