{"train_loss_epoch": 0.1614048033952713, "epoch": 189, "trainer/global_step": 949, "_timestamp": 1680876402.527034, "_runtime": 308.444797039032, "_step": 227, "train_loss_step": 0.1375562995672226, "val_loss": 0.19070975482463837}