{"train_loss_epoch": 0.4051932990550995, "epoch": 21, "trainer/global_step": 109, "_timestamp": 1679378985.8386278, "_runtime": 32.46523690223694, "_step": 25, "train_loss_step": 0.28680190443992615, "val_loss": 0.5066418051719666}