{"train_loss_epoch": 0.20938850939273834, "epoch": 46, "trainer/global_step": 234, "_timestamp": 1680682324.0014315, "_runtime": 111.8993923664093, "_step": 54, "train_loss_step": 0.21278539299964905, "val_loss": 0.4167010486125946}