{"train_loss_epoch": 0.1338392049074173, "epoch": 153, "trainer/global_step": 769, "_timestamp": 1680484816.9082878, "_runtime": 203.57692074775696, "_step": 183, "train_loss_step": 0.19216711819171906, "val_loss": 0.14357301592826843}