{"train_loss_epoch": 0.32135432958602905, "epoch": 30, "trainer/global_step": 154, "_timestamp": 1680605025.1451943, "_runtime": 74.41231632232666, "_step": 36, "train_loss_step": 0.24606835842132568, "val_loss": 0.366828590631485}