{"train_loss_epoch": 0.18519073724746704, "epoch": 41, "trainer/global_step": 209, "_timestamp": 1680683152.3246963, "_runtime": 101.53325033187866, "_step": 49, "train_loss_step": 0.23508337140083313, "val_loss": 0.32332131266593933}