{"train_loss_epoch": 0.1639418751001358, "epoch": 155, "trainer/global_step": 779, "_timestamp": 1678792862.4102316, "_runtime": 334.74506068229675, "_step": 185, "train_loss_step": 0.23136726021766663, "val_loss": 0.28194016218185425}