{"train_loss_epoch": 0.6833455562591553, "epoch": 3, "trainer/global_step": 19, "_timestamp": 1684654805.8013425, "_runtime": 60.65745759010315, "_step": 3}