{"train_loss_epoch": 0.406708300113678, "epoch": 17, "trainer/global_step": 89, "_timestamp": 1680571749.6374772, "_runtime": 29.536903142929077, "_step": 19, "train_loss_step": 0.45745691657066345, "val_loss": 0.4833848476409912}