{"train_loss_epoch": 0.2452150285243988, "epoch": 79, "trainer/global_step": 399, "_timestamp": 1680778239.1820178, "_runtime": 221.01711082458496, "_step": 95, "train_loss_step": 0.18542525172233582, "val_loss": 0.1409144103527069}