{"train_loss_epoch": 0.07034352421760559, "epoch": 8008, "trainer/global_step": 40044, "_timestamp": 1683659710.4058967, "_runtime": 153018.07863259315, "_step": 57608, "train_loss_step": 0.08662759512662888, "val_loss": 0.10709115117788315}