{"train_loss_epoch": 0.08797293901443481, "epoch": 1036, "trainer/global_step": 5184, "_timestamp": 1680666848.7194388, "_runtime": 42826.686025857925, "_step": 37242, "train_loss_step": 0.0907057598233223, "val_loss": 0.09564167261123657}