{"train_loss_epoch": 0.28975361585617065, "epoch": 48, "trainer/global_step": 244, "_timestamp": 1680772118.1834073, "_runtime": 115.55501532554626, "_step": 56, "train_loss_step": 0.350024551153183, "val_loss": 0.19005878269672394}