{"train_loss_epoch": 0.03983303904533386, "epoch": 9999, "trainer/global_step": 49999, "_timestamp": 1679718026.5368276, "_runtime": 12582.824651479721, "_step": 11999, "train_loss_step": 0.04583829641342163, "val_loss": 0.04858625680208206, "_wandb": {"runtime": 12585}}