{"train_loss_epoch": 0.2379390299320221, "epoch": 108, "trainer/global_step": 544, "_timestamp": 1679289406.8707693, "_runtime": 122.63358521461487, "_step": 128, "train_loss_step": 0.24517951905727386, "val_loss": 0.35303589701652527}