{"train_loss_epoch": 0.37165215611457825, "epoch": 32, "trainer/global_step": 164, "_timestamp": 1679298784.8098373, "_runtime": 71.54224133491516, "_step": 38, "train_loss_step": 0.27918949723243713, "val_loss": 0.5336207151412964}