{"train_loss_epoch": 0.09274449944496155, "epoch": 548, "trainer/global_step": 2744, "_timestamp": 1680851110.0149415, "_runtime": 592.9210684299469, "_step": 656, "train_loss_step": 0.07953064888715744, "val_loss": 0.14869090914726257}