{"train_loss_epoch": 0.44952377676963806, "epoch": 80, "trainer/global_step": 404, "_timestamp": 1679569389.5486357, "_runtime": 110.71776175498962, "_step": 96, "train_loss_step": 0.4528341293334961, "val_loss": 0.5254172682762146}