{"train_loss_epoch": 0.07771334797143936, "epoch": 1644, "trainer/global_step": 8224, "_timestamp": 1680670184.3528516, "_runtime": 2177.7151856422424, "_step": 1972, "train_loss_step": 0.10862286388874054, "val_loss": 0.1113784909248352}