{"train_loss_epoch": 0.1375207155942917, "epoch": 265, "trainer/global_step": 1329, "_timestamp": 1680771903.2606149, "_runtime": 343.5755729675293, "_step": 317, "train_loss_step": 0.10645454376935959, "val_loss": 0.2344120293855667}