{"train_loss_epoch": 0.19233207404613495, "epoch": 147, "trainer/global_step": 739, "_timestamp": 1679412023.6255333, "_runtime": 15422.572578430176, "_step": 12175, "train_loss_step": 0.14991452332011423, "val_loss": 0.12507086992263794}