{"train_loss_epoch": 0.44556885957717896, "epoch": 11, "trainer/global_step": 59, "_timestamp": 1679301269.9271374, "_runtime": 33.32092547416687, "_step": 13, "train_loss_step": 0.6451532244682312, "val_loss": 0.601654589176178}