{"train_loss_epoch": 0.12874813377857208, "epoch": 155, "trainer/global_step": 779, "_timestamp": 1680485047.2821422, "_runtime": 193.8378622531891, "_step": 185, "train_loss_step": 0.19216711819171906, "val_loss": 0.14357301592826843}