{"train_loss_epoch": 0.15568774938583374, "epoch": 409, "trainer/global_step": 2049, "_timestamp": 1679123174.238991, "_runtime": 781.552402973175, "_step": 490, "train_loss_step": 0.08784381300210953, "val_loss": 0.2233545482158661}