{"train_loss_epoch": 0.08398542553186417, "epoch": 1759, "trainer/global_step": 7039, "_timestamp": 1678868170.5348675, "_runtime": 1956.894755601883, "_step": 2075, "val_loss": 0.2238146960735321, "train_loss_step": 0.07877164334058762}