{"train_loss_epoch": 0.11239972710609436, "epoch": 1271, "trainer/global_step": 6359, "_timestamp": 1679279358.4353693, "_runtime": 77492.98397636414, "_step": 49525, "train_loss_step": 0.1301676630973816, "val_loss": 0.2211538702249527}