{"train_loss_epoch": 0.5073628425598145, "epoch": 180, "trainer/global_step": 904, "_timestamp": 1684652695.4512188, "_runtime": 1466.997666835785, "_step": 216, "train_loss_step": 0.510580837726593, "val_loss": 0.4797860085964203}