{"train_loss_epoch": 0.1591542661190033, "epoch": 442, "trainer/global_step": 2214, "_timestamp": 1679113890.4329128, "_runtime": 771.5894539356232, "_step": 530, "train_loss_step": 0.06631802022457123, "val_loss": 0.2170199453830719}