{"train_loss_epoch": 0.052113696932792664, "epoch": 7212, "trainer/global_step": 36064, "_timestamp": 1680680287.2922635, "_runtime": 10045.814163446426, "_step": 8654, "train_loss_step": 0.03668921813368797, "val_loss": 0.0563339926302433}