{"train_loss_epoch": 0.2022768259048462, "epoch": 205, "trainer/global_step": 823, "_timestamp": 1678866178.4196823, "_runtime": 246.25439524650574, "_step": 241, "val_loss": 0.2749320864677429, "train_loss_step": 0.2775416970252991}