{"train_loss_epoch": 0.11591547727584839, "epoch": 2429, "trainer/global_step": 12149, "_timestamp": 1679474517.2056897, "_runtime": 3116.280985593796, "_step": 2915, "train_loss_step": 0.0749974325299263, "val_loss": 0.16240958869457245}