{"train_loss_epoch": 0.47112181782722473, "epoch": 7, "trainer/global_step": 39, "_timestamp": 1679283436.9963098, "_runtime": 20.660780668258667, "_step": 7}