{"train_loss_epoch": 0.2831933796405792, "epoch": 123, "trainer/global_step": 619, "_timestamp": 1679317747.0708492, "_runtime": 257.0556161403656, "_step": 147, "train_loss_step": 0.28604912757873535, "val_loss": 0.3068033754825592}