{"train_loss_epoch": 0.22766496241092682, "epoch": 54, "trainer/global_step": 274, "_timestamp": 1680485695.7799828, "_runtime": 72.00058484077454, "_step": 64, "train_loss_step": 0.20805147290229797, "val_loss": 0.24083320796489716}