{"train_loss_epoch": 0.2638492286205292, "epoch": 34, "trainer/global_step": 174, "_timestamp": 1680686929.4364152, "_runtime": 94.56180119514465, "_step": 40, "train_loss_step": 0.22592397034168243, "val_loss": 0.48496633768081665}