{"train_loss_epoch": 0.10688412934541702, "epoch": 867, "trainer/global_step": 4339, "_timestamp": 1679311828.091654, "_runtime": 1108.9282920360565, "_step": 1039, "train_loss_step": 0.12859053909778595, "val_loss": 0.20600153505802155}