{"train_loss_epoch": 0.21050380170345306, "epoch": 210, "trainer/global_step": 1054, "_timestamp": 1680485969.1010296, "_runtime": 259.39079570770264, "_step": 252, "train_loss_step": 0.21687637269496918, "val_loss": 0.19364240765571594}