{"train_loss_epoch": 0.1286127120256424, "epoch": 1013, "trainer/global_step": 5069, "_timestamp": 1679574985.3622484, "_runtime": 1133.3497154712677, "_step": 1215, "train_loss_step": 0.12618814408779144, "val_loss": 0.19273853302001953}