{"train_loss_epoch": 0.4117830693721771, "epoch": 23, "trainer/global_step": 119, "_timestamp": 1679301769.3001685, "_runtime": 76.05819654464722, "_step": 27, "train_loss_step": 0.24918465316295624, "val_loss": 0.5887801051139832}