{"train_loss_epoch": 0.08302245289087296, "epoch": 401, "trainer/global_step": 2009, "_timestamp": 1680000848.7965925, "_runtime": 485.16470646858215, "_step": 481, "train_loss_step": 0.07431215792894363, "val_loss": 0.07855278998613358}