{"train_loss_epoch": 0.25536084175109863, "epoch": 48, "trainer/global_step": 244, "_timestamp": 1680486049.2918158, "_runtime": 63.24463367462158, "_step": 56, "train_loss_step": 0.22715330123901367, "val_loss": 0.363398015499115}