{"train_loss_epoch": 0.1419731080532074, "epoch": 783, "trainer/global_step": 3919, "_timestamp": 1679485346.3028595, "_runtime": 981.0452744960785, "_step": 939, "train_loss_step": 0.09619059413671494, "val_loss": 0.1973199099302292}