{"train_loss_epoch": 0.3479236960411072, "epoch": 16, "trainer/global_step": 84, "_timestamp": 1682246202.255747, "_runtime": 37.62998604774475, "_step": 18, "train_loss_step": 0.5636733174324036, "val_loss": 0.591258704662323}