{"train_loss_epoch": 0.407191663980484, "epoch": 12, "trainer/global_step": 64, "_timestamp": 1679396569.442739, "_runtime": 26.870954036712646, "_step": 14, "train_loss_step": 0.5474606118610567, "val_loss": 0.5694751143455505}