{"train_loss_epoch": 0.12161841988563538, "epoch": 176, "trainer/global_step": 884, "_timestamp": 1680686124.9104886, "_runtime": 443.84886169433594, "_step": 210, "train_loss_step": 0.10554788261651993, "val_loss": 0.1560896784067154}