{"train_loss_epoch": 0.3944052755832672, "epoch": 19, "trainer/global_step": 99, "_timestamp": 1679301672.9723406, "_runtime": 66.86588954925537, "_step": 23, "train_loss_step": 0.2503955066204071, "val_loss": 0.6322337985038757}