{"train_loss_epoch": 0.0872747153043747, "epoch": 7024, "trainer/global_step": 35124, "_timestamp": 1679533539.837301, "_runtime": 47055.01378798485, "_step": 44428, "train_loss_step": 0.06244600936770439, "val_loss": 0.12167463451623917}