{"train_loss_epoch": 0.23003989458084106, "epoch": 156, "trainer/global_step": 784, "_timestamp": 1680252236.2797382, "_runtime": 404.71995210647583, "_step": 186, "train_loss_step": 0.19772405922412872, "val_loss": 0.13100117444992065}