{"train_loss_epoch": 0.15646255016326904, "epoch": 150, "trainer/global_step": 754, "_timestamp": 1680264908.6719735, "_runtime": 184.9499113559723, "_step": 180, "train_loss_step": 0.1756862848997116, "val_loss": 0.12976878881454468}