{"train_loss_epoch": 0.08809557557106018, "epoch": 1349, "trainer/global_step": 6749, "_timestamp": 1678779629.3937848, "_runtime": 2321.3742756843567, "_step": 1618, "train_loss_step": 0.09071070700883865, "val_loss": 0.15829865634441376}