{"train_loss_epoch": 0.09485521167516708, "epoch": 2246, "trainer/global_step": 11234, "_timestamp": 1679479136.3696983, "_runtime": 3189.046652317047, "_step": 2694, "train_loss_step": 0.10686445236206055, "val_loss": 0.1667747050523758}