{"train_loss_epoch": 0.17978176474571228, "epoch": 425, "trainer/global_step": 1703, "_timestamp": 1678979680.6359317, "_runtime": 549.5271828174591, "_step": 501, "val_loss": 0.26104483008384705, "train_loss_step": 0.08723324537277222}