{"train_loss_epoch": 0.2795790731906891, "epoch": 31, "trainer/global_step": 159, "_timestamp": 1680604934.1634905, "_runtime": 76.6174476146698, "_step": 37, "train_loss_step": 0.23684993386268616, "val_loss": 0.44732666015625}