{"train_loss_epoch": 0.2337096929550171, "epoch": 35, "trainer/global_step": 179, "_timestamp": 1680682974.99035, "_runtime": 86.04401397705078, "_step": 41, "train_loss_step": 0.1531819999217987, "val_loss": 0.33499470353126526}