{"train_loss_epoch": 0.19418373703956604, "epoch": 633, "trainer/global_step": 3169, "_timestamp": 1679637851.2993329, "_runtime": 679.4028458595276, "_step": 759, "train_loss_step": 0.1315157413482666, "val_loss": 0.10939312726259232}