{"train_loss_epoch": 0.13447530567646027, "epoch": 2411, "trainer/global_step": 12059, "_timestamp": 1680312499.5579982, "_runtime": 47526.49041414261, "_step": 50893, "train_loss_step": 0.05820106342434883, "val_loss": 0.1066499873995781}