{"train_loss_epoch": 0.13748295605182648, "epoch": 193, "trainer/global_step": 969, "_timestamp": 1680881437.996723, "_runtime": 514.3682479858398, "_step": 231, "train_loss_step": 0.12269548326730728, "val_loss": 0.17453694343566895}