{"train_loss_epoch": 0.23857265710830688, "epoch": 32, "trainer/global_step": 164, "_timestamp": 1680686435.2563717, "_runtime": 78.63531470298767, "_step": 38, "train_loss_step": 0.14567570388317108, "val_loss": 0.3512863516807556}