{"train_loss_epoch": 0.21951210498809814, "epoch": 104, "trainer/global_step": 524, "_timestamp": 1680594327.1100392, "_runtime": 136.97858333587646, "_step": 124, "train_loss_step": 0.17990174889564514, "val_loss": 0.24608714878559113}