{"train_loss_epoch": 0.3140820860862732, "epoch": 837, "trainer/global_step": 4189, "_timestamp": 1679137894.7434642, "_runtime": 556.4548051357269, "_step": 1003, "train_loss_step": 0.21941374242305756, "val_loss": 0.4328382909297943}