{"train_loss_epoch": 0.04723335802555084, "epoch": 9410, "trainer/global_step": 47054, "_timestamp": 1680710909.9061, "_runtime": 11772.044209957123, "_step": 11292, "train_loss_step": 0.05132623389363289, "val_loss": 0.057418227195739746}