{"train_loss_epoch": 0.3018653690814972, "epoch": 22, "trainer/global_step": 114, "_timestamp": 1680881572.7926493, "_runtime": 90.05640029907227, "_step": 26, "train_loss_step": 0.24944519996643066, "val_loss": 0.4299480617046356}