{"train_loss_epoch": 0.10541966557502747, "epoch": 4034, "trainer/global_step": 20174, "_timestamp": 1679293944.4526618, "_runtime": 4507.962751865387, "_step": 4840, "train_loss_step": 0.17616556584835052, "val_loss": 0.18108904361724854}