{"train_loss_epoch": 0.05312872305512428, "epoch": 9323, "trainer/global_step": 46619, "_timestamp": 1680826165.298972, "_runtime": 34168.576905965805, "_step": 35187, "train_loss_step": 0.05229325219988823, "val_loss": 0.04294233396649361}