{"train_loss_epoch": 0.3716476857662201, "epoch": 15, "trainer/global_step": 79, "_timestamp": 1683296193.4250429, "_runtime": 88.67564797401428, "_step": 17, "train_loss_step": 0.43545636534690857, "val_loss": 29.252666473388672}