{"train_loss_epoch": 0.12475276738405228, "epoch": 695, "trainer/global_step": 3479, "_timestamp": 1679297718.2125494, "_runtime": 1394.919005393982, "_step": 833, "train_loss_step": 0.10373928397893906, "val_loss": 0.2093908041715622}