{"train_loss_epoch": 0.257638156414032, "epoch": 86, "trainer/global_step": 434, "_timestamp": 1680486495.9362853, "_runtime": 105.16492629051208, "_step": 102, "train_loss_step": 0.3394222855567932, "val_loss": 0.3650416433811188}