{"train_loss_epoch": 0.06132032349705696, "epoch": 3072, "trainer/global_step": 15364, "_timestamp": 1680777031.366146, "_runtime": 4835.202170133591, "_step": 3686, "train_loss_step": 0.04442433640360832, "val_loss": 0.053384099155664444}