{"train_loss_epoch": 0.07055651396512985, "epoch": 7587, "trainer/global_step": 37939, "_timestamp": 1679987414.1171057, "_runtime": 9509.686646699905, "_step": 9103, "train_loss_step": 0.07426292449235916, "val_loss": 0.06904111057519913}