{"train_loss_epoch": 0.5513519048690796, "epoch": 456, "trainer/global_step": 2284, "_timestamp": 1679462063.9939775, "_runtime": 650.9385786056519, "_step": 546, "train_loss_step": 0.5691286478917807, "val_loss": 0.5263429880142212}