{"train_loss_epoch": 0.29970526695251465, "epoch": 56, "trainer/global_step": 284, "_timestamp": 1679301588.8560624, "_runtime": 175.8617753982544, "_step": 66, "train_loss_step": 0.29567304253578186, "val_loss": 0.33915185928344727}