{"train_loss_epoch": 0.3542337417602539, "epoch": 65, "trainer/global_step": 329, "_timestamp": 1679143399.571237, "_runtime": 92.03651809692383, "_step": 77, "train_loss_step": 0.3965536653995514, "val_loss": 0.5015407204627991}