{"train_loss_epoch": 0.11861678957939148, "epoch": 2793, "trainer/global_step": 13969, "_timestamp": 1679635795.0511997, "_runtime": 3578.000950574875, "_step": 3351, "train_loss_step": 0.09737294912338257, "val_loss": 0.09950923919677734}