{"train_loss_epoch": 0.1690955013036728, "epoch": 110, "trainer/global_step": 554, "_timestamp": 1680604545.3349867, "_runtime": 149.76992177963257, "_step": 132, "train_loss_step": 0.16085581481456757, "val_loss": 0.24594762921333313}