{"train_loss_epoch": 0.41364121437072754, "epoch": 334, "trainer/global_step": 1674, "_timestamp": 1679569111.3145523, "_runtime": 456.1374022960663, "_step": 400, "train_loss_step": 0.40811797976493835, "val_loss": 0.4446432888507843}