{"train_loss_epoch": 0.4759984314441681, "epoch": 20, "trainer/global_step": 104, "_timestamp": 1679379467.4101908, "_runtime": 31.055137872695923, "_step": 24, "train_loss_step": 0.28680190443992615, "val_loss": 0.5066418051719666}