{"train_loss_epoch": 0.10191822797060013, "epoch": 3562, "trainer/global_step": 17814, "_timestamp": 1679325329.8481007, "_runtime": 7045.867700576782, "_step": 4274, "train_loss_step": 0.11821239441633224, "val_loss": 0.1689556986093521}