{"train_loss_epoch": 0.10354631394147873, "epoch": 6501, "trainer/global_step": 32509, "_timestamp": 1679288895.3995826, "_runtime": 9236.602972507477, "_step": 7801, "train_loss_step": 0.09591304510831833, "val_loss": 0.13942453265190125}