{"train_loss_epoch": 0.14122413098812103, "epoch": 145, "trainer/global_step": 729, "_timestamp": 1680681493.1601093, "_runtime": 337.2149112224579, "_step": 173, "train_loss_step": 0.10384871065616608, "val_loss": 0.15226326882839203}