{"train_loss_epoch": 0.2196211963891983, "epoch": 149, "trainer/global_step": 749, "_timestamp": 1681731383.7862933, "_runtime": 481.92284536361694, "_step": 179, "train_loss_step": 0.2481376677751541, "val_loss": 0.24594417214393616}