{"train_loss_epoch": 0.11787359416484833, "epoch": 239, "trainer/global_step": 1199, "_timestamp": 1680569479.4711227, "_runtime": 286.738294839859, "_step": 286, "train_loss_step": 0.10839509963989258, "val_loss": 0.16376379132270813}