{"train_loss_epoch": 0.11742780357599258, "epoch": 1010, "trainer/global_step": 5054, "_timestamp": 1680623215.9834328, "_runtime": 1438.191077709198, "_step": 1212, "train_loss_step": 0.13567128777503967, "val_loss": 0.11549060046672821}