{"train_loss_epoch": 0.3204506039619446, "epoch": 71, "trainer/global_step": 359, "_timestamp": 1679310700.8745892, "_runtime": 98.85730814933777, "_step": 85, "train_loss_step": 0.29425525665283203, "val_loss": 0.39885446429252625}