{"train_loss_epoch": 0.11455164849758148, "epoch": 342, "trainer/global_step": 1714, "_timestamp": 1678769984.5405667, "_runtime": 594.6900837421417, "_step": 410, "train_loss_step": 0.09984687715768814, "val_loss": 0.2573085129261017}