{"train_loss_epoch": 0.46225959062576294, "epoch": 4, "trainer/global_step": 24, "_timestamp": 1680604744.0072627, "_runtime": 15.712974786758423, "_step": 4}