{"train_loss_epoch": 0.11881157010793686, "epoch": 3342, "trainer/global_step": 16714, "_timestamp": 1679567109.0946841, "_runtime": 3936.907788038254, "_step": 4010, "train_loss_step": 0.1445770114660263, "val_loss": 0.16731294989585876}