{"train_loss_epoch": 0.3279082179069519, "epoch": 45, "trainer/global_step": 229, "_timestamp": 1679638874.6884007, "_runtime": 116.0133626461029, "_step": 53, "train_loss_step": 0.3003086745738983, "val_loss": 0.18779002130031586}