{"train_loss_epoch": 0.33430981636047363, "epoch": 17, "trainer/global_step": 89, "_timestamp": 1679123198.2483492, "_runtime": 73.19203329086304, "_step": 19, "train_loss_step": 0.4492713510990143, "val_loss": 0.7546238899230957}