{"train_loss_epoch": 0.27265119552612305, "epoch": 61, "trainer/global_step": 309, "_timestamp": 1678769126.4737701, "_runtime": 173.12735104560852, "_step": 73, "train_loss_step": 0.24886131286621094, "val_loss": 0.5519143342971802}