{"train_loss_epoch": 0.5054895877838135, "epoch": 98, "trainer/global_step": 494, "_timestamp": 1679549757.8225248, "_runtime": 206.01564574241638, "_step": 116, "train_loss_step": 0.542890191078186, "val_loss": 0.5698865056037903}