{"train_loss_epoch": 0.26635947823524475, "epoch": 23, "trainer/global_step": 119, "_timestamp": 1680772180.7963724, "_runtime": 46.2309513092041, "_step": 27, "train_loss_step": 0.2945135533809662, "val_loss": 0.39099574089050293}