{"train_loss_epoch": 0.07031099498271942, "epoch": 982, "trainer/global_step": 4914, "_timestamp": 1680699008.5303721, "_runtime": 1129.4355032444, "_step": 1178, "train_loss_step": 0.059328626841306686, "val_loss": 0.11060019582509995}